gn,gp,date,place,team,gf,ga,outcome,ot,totW,totL,totOT,streak,bSh,bPM,bPPG,bSHG,oSH,oPM,oPPG,oSHG,notes
1,1,10/5/05,Home,Montreal Canadiens,1,2,L,,0,1,0,L 1,30,10,0,0,21,14,1,0,
2,2,10/7/05,Away,Buffalo Sabres,1,4,L,,0,2,0,L 2,36,14,0,0,41,6,2,0,
3,3,10/8/05,Away,Pittsburgh Penguins,7,6,W,OT,1,2,0,W 1,41,18,2,0,29,14,2,0,
4,4,10/10/05,Away,Tampa Bay Lightning,4,2,W,,2,2,0,W 2,24,12,1,0,28,12,0,0,
5,5,10/13/05,Away,Florida Panthers,5,2,W,,3,2,0,W 3,26,24,2,1,35,18,0,0,
6,6,10/15/05,Away,Ottawa Senators,1,5,L,,3,3,0,L 1,35,21,0,0,42,27,1,0,
7,7,10/18/05,Away,Montreal Canadiens,3,4,L,,3,4,0,L 2,23,16,2,0,38,20,3,0,
8,8,10/20/05,Home,Buffalo Sabres,3,4,L,,3,5,0,L 3,32,16,1,0,37,12,2,0,
9,9,10/22/05,Home,Pittsburgh Penguins,6,3,W,,4,5,0,W 1,47,23,4,0,21,29,1,0,
10,10,10/24/05,Away,Toronto Maple Leafs,4,5,L,SO,4,5,1,L 1,53,8,0,0,32,20,2,1,
11,11,10/26/05,Away,Carolina Hurricanes,3,4,L,OT,4,5,2,L 2,27,12,2,0,33,8,0,0,
12,12,10/27/05,Home,Toronto Maple Leafs,2,1,W,,5,5,2,W 1,30,15,1,0,37,11,1,0,
13,13,10/29/05,Home,New Jersey Devils,4,5,L,SO,5,5,3,L 1,31,18,0,0,34,10,1,0,
14,14,11/1/05,Away,New York Islanders,3,4,L,OT,5,5,4,L 2,32,6,0,0,23,12,0,0,
15,15,11/3/05,Home,Florida Panthers,4,1,W,,6,5,4,W 1,33,14,1,0,30,12,0,0,
16,16,11/5/05,Home,Pittsburgh Penguins,6,3,W,,7,5,4,W 2,32,34,4,0,29,42,1,0,
17,17,11/8/05,Away,Philadelphia Flyers,3,4,L,OT,7,5,5,L 1,30,10,2,0,36,10,1,0,
18,18,11/10/05,Home,Ottawa Senators,2,5,L,,7,6,5,L 2,39,32,1,1,30,20,0,1,
19,19,11/12/05,Away,New York Islanders,2,5,L,,7,7,5,L 3,31,14,0,0,31,14,1,0,
20,20,11/17/05,Home,Toronto Maple Leafs,1,4,L,,7,8,5,L 4,32,14,1,0,26,8,2,0,
21,21,11/19/05,Home,Buffalo Sabres,2,3,L,,7,9,5,L 5,22,10,1,0,24,8,1,0,
22,22,11/20/05,Away,New York Rangers,2,3,L,,7,10,5,L 6,34,6,1,0,32,4,1,0,
23,23,11/23/05,Away,Toronto Maple Leafs,5,1,W,,8,10,5,W 1,37,17,2,0,21,17,0,0,
24,24,11/25/05,Home,Philadelphia Flyers,3,5,L,,8,11,5,L 1,28,12,0,0,27,8,2,0,
25,25,11/26/05,Away,Ottawa Senators,2,4,L,,8,12,5,L 2,24,14,0,0,40,16,2,0,
26,26,11/29/05,Away,New Jersey Devils,2,3,L,,8,13,5,L 3,23,28,1,0,34,8,0,0,
27,27,12/1/05,Home,Ottawa Senators,3,0,W,,9,13,5,W 1,24,10,1,0,26,16,0,0,
28,28,12/3/05,Away,Edmonton Oilers,5,4,W,OT,10,13,5,W 2,26,8,0,0,40,6,2,0,
29,29,12/4/05,Away,Vancouver Canucks,2,5,L,,10,14,5,L 1,27,16,1,0,39,14,2,0,
30,30,12/7/05,Away,Colorado Avalanche,1,4,L,,10,15,5,L 2,21,10,0,0,27,8,2,0,
31,31,12/11/05,Home,Phoenix Coyotes,1,2,L,OT,10,15,6,L 3,19,14,1,0,32,12,1,0,
32,32,12/15/05,Away,Minnesota Wild,3,2,W,,11,15,6,W 1,28,8,0,0,31,2,2,0,
33,33,12/17/05,Away,Calgary Flames,0,3,L,,11,16,6,L 1,26,13,0,0,29,15,1,1,
34,34,12/22/05,Home,Toronto Maple Leafs,4,1,W,,12,16,6,W 1,25,23,1,0,27,21,0,0,
35,35,12/23/05,Away,Toronto Maple Leafs,1,2,L,,12,17,6,L 1,26,20,1,0,28,10,2,0,
36,36,12/27/05,Away,Washington Capitals,4,3,W,OT,13,17,6,W 1,43,8,0,0,18,12,1,1,
37,37,12/28/05,Away,Florida Panthers,4,6,L,,13,18,6,L 1,39,8,1,1,27,14,0,0,
38,38,12/30/05,Away,Tampa Bay Lightning,2,1,W,,14,18,6,W 1,24,10,0,1,32,8,0,0,
39,39,1/2/06,Home,Philadelphia Flyers,0,1,L,,14,19,6,L 1,27,8,0,0,21,10,0,0,
40,40,1/5/06,Home,Ottawa Senators,4,2,W,,15,19,6,W 1,38,14,2,0,35,28,0,1,
41,41,1/7/06,Home,Tampa Bay Lightning,6,3,W,,16,19,6,W 2,34,10,0,0,32,0,0,0,
42,42,1/10/06,Home,San Jose Sharks,2,6,L,,16,20,6,L 1,23,20,1,0,33,17,3,1,
43,43,1/12/06,Home,Los Angeles Kings,0,6,L,,16,21,6,L 2,30,12,0,0,42,10,1,0,
44,44,1/14/06,Home,Dallas Stars,1,2,L,SO,16,21,7,L 3,27,16,0,0,38,6,0,0,
45,45,1/16/06,Home,Mighty Ducks of Anaheim,4,3,W,OT,17,21,7,W 1,24,23,0,0,28,13,2,0,
46,46,1/19/06,Away,Philadelphia Flyers,5,2,W,,18,21,7,W 2,18,12,1,0,37,8,1,0,
47,47,1/21/06,Home,New York Rangers,2,3,L,SO,18,21,8,L 1,31,8,1,0,29,10,0,0,
48,48,1/23/06,Away,Washington Capitals,3,2,W,,19,21,8,W 1,33,12,0,0,24,14,0,0,
49,49,1/24/06,Away,Atlanta Thrashers,3,2,W,,20,21,8,W 2,32,8,1,0,24,18,1,0,
50,50,1/26/06,Home,Washington Capitals,3,2,W,,21,21,8,W 3,32,14,1,0,34,14,2,0,
51,51,1/28/06,Home,New York Islanders,3,4,L,,21,22,8,L 1,44,11,1,0,51,19,0,0,
52,52,1/30/06,Away,Ottawa Senators,5,0,W,,22,22,8,W 1,24,8,0,1,44,6,0,0,
53,53,2/2/06,Home,Montreal Canadiens,3,1,W,,23,22,8,W 2,37,4,2,0,17,16,0,0,
54,54,2/4/06,Away,Montreal Canadiens,0,2,L,,23,23,8,L 1,35,8,0,0,29,14,1,1,
55,55,2/5/06,Home,Carolina Hurricanes,3,4,L,SO,23,23,9,L 2,27,8,1,0,43,8,0,0,
56,56,2/8/06,Away,Pittsburgh Penguins,3,1,W,,24,23,9,W 1,38,12,2,0,17,12,0,0,
57,57,2/9/06,Home,New Jersey Devils,2,3,L,OT,24,23,10,L 1,39,6,0,0,34,4,0,1,
58,58,2/11/06,Home,Tampa Bay Lightning,5,6,L,,24,24,10,L 2,26,20,0,1,36,8,2,0,
59,59,3/1/06,Away,Carolina Hurricanes,3,4,L,,24,25,10,L 3,28,14,0,0,29,10,1,0,
60,60,3/2/06,Home,Atlanta Thrashers,3,2,W,,25,25,10,W 1,31,12,1,0,22,10,1,0,
61,61,3/4/06,Home,Buffalo Sabres,2,3,L,,25,26,10,L 1,42,8,1,0,25,8,0,0,
62,62,3/7/06,Away,Buffalo Sabres,2,3,L,,25,27,10,L 2,27,14,1,0,35,14,2,0,
63,63,3/9/06,Home,Montreal Canadiens,0,3,L,,25,28,10,L 3,28,37,0,0,41,21,2,0,
64,64,3/11/06,Home,New York Islanders,1,3,L,,25,29,10,L 4,33,17,1,0,45,13,0,0,
65,65,3/12/06,Away,Buffalo Sabres,2,6,L,,25,30,10,L 5,39,15,0,1,30,11,3,0,
66,66,3/14/06,Away,Toronto Maple Leafs,4,5,L,SO,25,30,11,L 6,32,40,2,0,33,22,2,0,
67,67,3/16/06,Home,Ottawa Senators,3,2,W,SO,26,30,11,W 1,30,10,0,0,33,16,0,0,
68,68,3/18/06,Home,Carolina Hurricanes,4,2,W,,27,30,11,W 2,33,18,2,0,40,12,0,0,
69,69,3/20/06,Away,New York Rangers,2,5,L,,27,31,11,L 1,21,11,0,0,29,13,1,1,
70,70,3/21/06,Home,Atlanta Thrashers,4,5,L,SO,27,31,12,L 2,31,16,2,0,40,10,1,1,
71,71,3/24/06,Away,New Jersey Devils,2,4,L,,27,32,12,L 3,27,6,0,0,24,8,2,0,
72,72,3/25/06,Home,Buffalo Sabres,5,4,W,,28,32,12,W 1,39,14,0,0,40,12,0,0,
73,73,3/27/06,Home,Florida Panthers,3,4,L,SO,28,32,13,L 1,37,10,1,0,48,12,2,0,
74,74,3/29/06,Away,Buffalo Sabres,3,4,L,,28,33,13,L 2,27,14,0,0,32,10,2,0,
75,75,4/1/06,Away,Montreal Canadiens,0,2,L,,28,34,13,L 3,32,17,0,0,35,15,0,0,
76,76,4/4/06,Away,Montreal Canadiens,3,5,L,,28,35,13,L 4,29,25,2,0,47,23,3,0,
77,77,4/6/06,Home,Toronto Maple Leafs,3,2,W,SO,29,35,13,W 1,27,6,0,0,33,8,0,0,
78,78,4/8/06,Home,New York Rangers,3,4,L,OT,29,35,14,L 1,26,13,1,0,25,17,1,0,
79,79,4/10/06,Home,Washington Capitals,1,2,L,OT,29,35,15,L 2,38,8,0,0,27,8,0,0,
80,80,4/11/06,Away,Ottawa Senators,3,4,L,OT,29,35,16,L 3,21,18,0,1,44,8,1,0,
81,81,4/13/06,Home,Montreal Canadiens,3,4,L,,29,36,16,L 4,28,11,0,0,26,13,1,0,
82,82,4/15/06,Away,Atlanta Thrashers,3,4,L,,29,37,16,L 5,26,8,0,1,35,4,0,0,End of season 06'
83,1,10/6/06,Away,Florida Panthers,3,8,L,,0,1,0,L 1,37,19,1,0,38,23,4,0,
84,2,10/7/06,Away,Tampa Bay Lightning,3,2,W,,1,1,0,W 1,25,12,0,0,31,8,0,0,
85,3,10/11/06,Away,Atlanta Thrashers,1,4,L,,1,2,0,L 1,23,8,1,0,28,16,1,0,
86,4,10/12/06,Away,St. Louis Blues,2,3,L,SO,1,2,1,L 2,18,13,0,0,35,19,0,0,
87,5,10/14/06,Away,New York Islanders,1,4,L,,1,3,1,L 3,32,16,1,0,39,10,2,0,
88,6,10/19/06,Home,Calgary Flames,3,2,W,,2,3,1,W 1,30,9,1,0,28,11,0,0,
89,7,10/21/06,Home,Buffalo Sabres,2,6,L,,2,4,1,L 1,26,14,0,0,30,6,3,0,
90,8,10/26/06,Home,Montreal Canadiens,2,3,L,,2,5,1,L 2,36,22,1,0,30,34,2,0,
91,9,10/28/06,Home,Ottawa Senators,2,1,W,,3,5,1,W 1,32,33,1,0,36,21,1,0,
92,10,11/2/06,Home,Buffalo Sabres,4,5,L,SO,3,5,2,L 1,34,12,2,0,33,10,0,0,
93,11,11/4/06,Home,Tampa Bay Lightning,6,5,W,OT,4,5,2,W 1,33,14,3,0,28,18,2,0,
94,12,11/6/06,Away,Atlanta Thrashers,3,5,L,,4,6,2,L 1,27,26,2,1,39,14,4,0,
95,13,11/9/06,Home,Toronto Maple Leafs,4,6,L,,4,7,2,L 2,37,24,2,0,37,12,1,0,
96,14,11/11/06,Home,Ottawa Senators,4,3,W,,5,7,2,W 1,29,14,1,0,28,12,1,0,
97,15,11/15/06,Away,Washington Capitals,3,2,W,SO,6,7,2,W 2,35,14,0,0,35,12,1,1,
98,16,11/16/06,Home,Toronto Maple Leafs,2,1,W,OT,7,7,2,W 3,36,4,1,0,25,8,1,0,
99,17,11/18/06,Home,Washington Capitals,3,2,W,OT,8,7,2,W 4,38,12,2,0,29,16,1,0,
100,18,11/20/06,Home,Florida Panthers,2,3,L,,8,8,2,L 1,31,18,0,0,28,24,2,0,
101,19,11/22/06,Away,Pittsburgh Penguins,4,3,W,SO,9,8,2,W 1,31,16,2,0,25,10,1,0,
102,20,11/24/06,Home,Carolina Hurricanes,1,5,L,,9,9,2,L 1,26,8,1,0,40,10,1,0,
103,21,11/25/06,Away,Toronto Maple Leafs,3,1,W,,10,9,2,W 1,25,23,1,0,28,9,1,0,
104,22,11/28/06,Away,Toronto Maple Leafs,4,1,W,,11,9,2,W 2,24,12,0,0,46,6,0,0,
105,23,11/30/06,Home,Tampa Bay Lightning,4,3,W,SO,12,9,2,W 3,25,12,0,1,34,4,0,1,
106,24,12/2/06,Away,Carolina Hurricanes,2,5,L,,12,10,2,L 1,19,17,0,0,30,19,0,1,
107,25,12/4/06,Away,Montreal Canadiens,6,5,W,,13,10,2,W 1,30,8,0,1,39,6,2,0,
108,26,12/7/06,Home,Toronto Maple Leafs,3,1,W,,14,10,2,W 2,26,10,0,0,24,12,0,0,
109,27,12/9/06,Home,New Jersey Devils,1,5,L,,14,11,2,L 1,20,12,0,0,42,6,1,0,
110,28,12/12/06,Away,Montreal Canadiens,3,4,L,,14,12,2,L 2,34,12,2,0,40,8,1,0,
111,29,12/14/06,Home,New Jersey Devils,5,3,W,,15,12,2,W 1,45,13,3,0,29,29,1,0,
112,30,12/16/06,Home,Florida Panthers,3,6,L,,15,13,2,L 1,21,14,1,0,36,12,3,0,
113,31,12/19/06,Away,Ottawa Senators,7,2,W,,16,13,2,W 1,26,28,3,0,37,47,0,0,
114,32,12/21/06,Home,Vancouver Canucks,2,0,W,,17,13,2,W 2,19,12,2,0,39,22,0,0,
115,33,12/23/06,Home,Montreal Canadiens,4,2,W,,18,13,2,W 3,31,8,1,0,22,16,0,1,
116,34,12/26/06,Away,Columbus Blue Jackets,4,5,L,OT,18,13,3,L 1,26,12,1,0,42,12,1,1,
117,35,12/29/06,Away,Chicago Blackhawks,5,3,W,,19,13,3,W 1,21,17,2,1,40,23,0,0,
118,36,12/30/06,Away,Nashville Predators,0,5,L,,19,14,3,L 1,38,18,0,0,25,8,0,0,
119,37,1/1/07,Away,Toronto Maple Leafs,1,5,L,,19,15,3,L 2,28,16,1,0,35,12,2,0,
120,38,1/4/07,Home,Toronto Maple Leafs,2,10,L,,19,16,3,L 3,31,19,1,0,39,33,1,1,
121,39,1/6/07,Home,Philadelphia Flyers,4,3,W,,20,16,3,W 1,26,12,2,0,32,10,0,1,
122,40,1/9/07,Away,Ottawa Senators,2,5,L,,20,17,3,L 1,25,10,0,1,36,6,0,0,
123,41,1/11/07,Home,New York Islanders,4,5,L,SO,20,17,4,L 2,42,8,1,0,35,12,2,0,
124,42,1/13/07,Away,New York Rangers,1,3,L,,20,18,4,L 3,25,12,0,0,38,8,0,1,
125,43,1/15/07,Home,Buffalo Sabres,3,2,W,SO,21,18,4,W 1,37,11,1,0,36,13,0,0,
126,44,1/17/07,Away,Buffalo Sabres,3,6,L,,21,19,4,L 1,28,10,1,0,32,14,1,0,
127,45,1/18/07,Home,Pittsburgh Penguins,5,4,W,SO,22,19,4,W 1,44,12,1,0,35,8,2,0,
128,46,1/20/07,Home,Ottawa Senators,0,3,L,,22,20,4,L 1,18,46,0,0,39,17,1,1,
129,47,1/27/07,Away,Ottawa Senators,1,3,L,,22,21,4,L 2,30,10,0,0,36,8,0,1,
130,48,1/29/07,Home,New York Rangers,1,6,L,,22,22,4,L 3,30,12,1,0,29,8,1,2,
131,49,1/30/07,Away,Buffalo Sabres,1,7,L,,22,23,4,L 4,26,15,1,0,35,27,2,1,
132,50,2/1/07,Home,Buffalo Sabres,1,3,L,,22,24,4,L 5,34,21,0,0,28,19,1,0,
133,51,2/3/07,Away,Carolina Hurricanes,4,3,W,OT,23,24,4,W 1,33,24,2,0,37,20,1,0,
134,52,2/6/07,Away,Washington Capitals,3,2,W,SO,24,24,4,W 2,24,13,1,0,34,17,0,0,
135,53,2/8/07,Home,Carolina Hurricanes,2,5,L,,24,25,4,L 1,36,27,0,0,36,17,1,0,
136,54,2/10/07,Home,New York Islanders,4,3,W,SO,25,25,4,W 1,28,10,2,0,34,18,1,0,
137,55,2/13/07,Home,Edmonton Oilers,3,0,W,,26,25,4,W 2,23,19,2,0,32,15,0,0,
138,56,2/15/07,Away,New York Islanders,1,4,L,,26,26,4,L 1,25,4,1,0,38,6,0,0,
139,57,2/17/07,Away,Buffalo Sabres,4,3,W,SO,27,26,4,W 1,30,26,0,1,25,18,3,0,
140,58,2/19/07,Away,Philadelphia Flyers,6,3,W,,28,26,4,W 2,18,15,1,0,33,13,0,0,
141,59,2/20/07,Away,Toronto Maple Leafs,3,0,W,,29,26,4,W 3,21,12,0,1,44,10,0,0,
142,60,2/23/07,Away,Tampa Bay Lightning,6,2,W,,30,26,4,W 4,23,13,1,0,26,25,1,0,
143,61,2/24/07,Away,Florida Panthers,2,7,L,,30,27,4,L 1,27,12,2,0,52,18,2,1,
144,62,2/26/07,Home,Atlanta Thrashers,2,3,L,,30,28,4,L 2,24,8,0,0,20,8,2,0,
145,63,3/1/07,Home,Philadelphia Flyers,3,4,L,OT,30,28,5,L 3,37,12,1,0,55,10,1,1,
146,64,3/3/07,Home,Montreal Canadiens,3,1,W,,31,28,5,W 1,36,10,0,0,32,12,0,0,
147,65,3/4/07,Away,New Jersey Devils,4,1,W,,32,28,5,W 2,30,8,0,1,27,6,0,0,
148,66,3/6/07,Home,Colorado Avalanche,0,2,L,,32,29,5,L 1,21,6,0,0,30,10,0,0,
149,67,3/8/07,Home,Minnesota Wild,1,2,L,,32,30,5,L 2,30,22,0,0,32,16,0,0,
150,68,3/10/07,Away,Philadelphia Flyers,1,4,L,,32,31,5,L 3,27,13,0,0,29,15,0,1,
151,69,3/11/07,Away,Detroit Red Wings,6,3,W,,33,31,5,W 1,25,15,2,0,38,21,1,0,
152,70,3/15/07,Home,Washington Capitals,4,3,W,SO,34,31,5,W 2,39,17,3,0,34,23,1,1,
153,71,3/17/07,Away,New York Rangers,0,7,L,,34,32,5,L 1,30,41,0,0,39,29,4,0,
154,72,3/20/07,Away,Montreal Canadiens,0,1,L,,34,33,5,L 2,30,8,0,0,32,2,0,0,
155,73,3/22/07,Home,Montreal Canadiens,3,6,L,,34,34,5,L 3,35,16,0,0,30,10,3,0,
156,74,3/24/07,Home,New York Rangers,1,2,L,SO,34,34,6,L 4,41,10,0,0,36,19,0,0,
157,75,3/25/07,Away,Pittsburgh Penguins,0,5,L,,34,35,6,L 5,29,16,0,0,28,14,3,1,
158,76,3/27/07,Away,Ottawa Senators,3,2,W,,35,35,6,W 1,17,14,1,0,34,10,1,0,
159,77,3/29/07,Home,Pittsburgh Penguins,2,4,L,,35,36,6,L 1,33,10,0,0,26,4,1,0,
160,78,3/31/07,Home,Atlanta Thrashers,2,3,L,,35,37,6,L 2,27,24,1,0,40,16,0,0,
161,79,4/1/07,Away,New Jersey Devils,1,3,L,,35,38,6,L 3,18,10,1,0,24,6,1,0,
162,80,4/3/07,Away,Montreal Canadiens,0,2,L,,35,39,6,L 4,29,23,0,0,30,17,1,0,
163,81,4/5/07,Away,Buffalo Sabres,2,4,L,,35,40,6,L 5,22,12,1,0,33,12,1,0,
164,82,4/7/07,Home,Ottawa Senators,3,6,L,,35,41,6,L 6,32,12,1,0,28,16,1,0,End of season 04'
165,1,10/5/07,Away,Dallas Stars,1,4,L,,0,1,0,L 1,25,18,1,0,18,20,1,0,
166,2,10/6/07,Away,Phoenix Coyotes,3,1,W,,1,1,0,W 1,24,8,2,1,37,6,0,0,
167,3,10/10/07,Away,Anaheim Ducks,1,2,L,,1,2,0,L 1,19,6,0,0,30,6,0,0,
168,4,10/12/07,Away,Los Angeles Kings,8,6,W,,2,2,0,W 1,31,15,3,0,31,15,3,0,
169,5,10/13/07,Away,San Jose Sharks,2,1,W,,3,2,0,W 2,20,12,0,0,27,8,0,0,
170,6,10/18/07,Home,Tampa Bay Lightning,4,1,W,,4,2,0,W 3,24,14,0,0,36,10,0,0,
171,7,10/20/07,Home,New York Rangers,1,0,W,SO,5,2,0,W 4,19,12,0,0,26,16,0,0,
172,8,10/22/07,Away,Montreal Canadiens,1,6,L,,5,3,0,L 1,32,16,1,0,20,8,2,0,
173,9,10/25/07,Home,Chicago Blackhawks,3,1,W,,6,3,0,W 1,18,13,0,0,27,19,1,0,
174,10,10/27/07,Home,Philadelphia Flyers,1,2,L,,6,4,0,L 1,39,14,1,0,28,33,1,1,
175,11,11/1/07,Home,Buffalo Sabres,4,3,W,OT,7,4,0,W 1,24,6,1,0,30,10,2,0,
176,12,11/3/07,Away,Ottawa Senators,2,3,L,,7,5,0,L 1,19,19,0,0,45,9,3,0,
177,13,11/4/07,Home,Ottawa Senators,1,2,L,SO,7,5,1,L 2,22,12,0,0,36,8,0,1,
178,14,11/7/07,Away,Buffalo Sabres,1,2,L,OT,7,5,2,L 3,26,8,0,0,29,6,1,0,
179,15,11/8/07,Home,Montreal Canadiens,1,2,L,,7,6,2,L 4,29,7,0,0,32,13,0,0,
180,16,11/10/07,Home,Buffalo Sabres,2,1,W,,8,6,2,W 1,22,12,1,0,46,10,0,1,
181,17,11/15/07,Home,Toronto Maple Leafs,5,2,W,,9,6,2,W 2,27,15,0,0,36,7,1,0,
182,18,11/17/07,Away,Montreal Canadiens,4,7,L,,9,7,2,L 1,36,56,1,0,52,51,3,1,
183,19,11/20/07,Away,Toronto Maple Leafs,4,2,W,,10,7,2,W 1,25,6,1,0,32,4,1,0,
184,20,11/23/07,Home,New York Islanders,2,1,W,,11,7,2,W 2,25,11,1,0,25,11,0,0,
185,21,11/24/07,Away,New York Islanders,1,2,L,,11,8,2,L 1,21,6,0,0,29,6,0,0,
186,22,11/26/07,Away,Philadelphia Flyers,6,3,W,,12,8,2,W 1,32,15,0,0,23,24,3,0,
187,23,11/29/07,Away,Florida Panthers,4,3,W,,13,8,2,W 2,38,11,2,0,35,11,1,0,
188,24,12/1/07,Away,Tampa Bay Lightning,1,4,L,,13,9,2,L 1,29,6,1,0,28,8,1,0,
189,25,12/3/07,Away,New York Islanders,3,1,W,,14,9,2,W 1,22,12,2,0,33,12,1,0,
190,26,12/5/07,Away,New Jersey Devils,3,4,L,OT,14,9,3,L 1,26,11,1,0,34,11,1,0,
191,27,12/6/07,Home,Montreal Canadiens,2,4,L,,14,10,3,L 2,26,21,1,0,30,11,1,0,
192,28,12/8/07,Away,Toronto Maple Leafs,2,1,W,,15,10,3,W 1,20,12,1,0,26,8,0,0,
193,29,12/10/07,Away,Buffalo Sabres,4,1,W,,16,10,3,W 2,21,8,0,0,45,14,1,0,
194,30,12/12/07,Away,Atlanta Thrashers,5,3,W,,17,10,3,W 3,33,23,0,0,26,10,2,0,
195,31,12/13/07,Home,New Jersey Devils,1,3,L,,17,11,3,L 1,20,13,1,0,28,11,1,0,
196,32,12/15/07,Home,Columbus Blue Jackets,2,0,W,,18,11,3,W 1,18,15,1,0,32,11,0,0,
197,33,12/18/07,Home,Ottawa Senators,2,3,L,,18,12,3,L 1,28,4,0,0,27,8,1,0,
198,34,12/20/07,Home,Pittsburgh Penguins,4,5,L,SO,18,12,4,L 2,41,22,2,1,29,26,0,0,
199,35,12/22/07,Home,St. Louis Blues,1,4,L,,18,13,4,L 3,25,20,1,0,29,22,0,0,
200,36,12/23/07,Away,Pittsburgh Penguins,2,4,L,,18,14,4,L 4,30,10,0,0,25,6,1,0,
201,37,12/28/07,Away,Carolina Hurricanes,3,4,L,,18,15,4,L 5,21,27,0,1,37,11,1,1,
202,38,12/29/07,Away,Atlanta Thrashers,0,5,L,,18,16,4,L 6,26,20,0,0,29,16,1,0,
203,39,12/31/07,Home,Atlanta Thrashers,5,2,W,,19,16,4,W 1,37,10,3,0,30,8,1,0,
204,40,1/3/08,Home,Washington Capitals,2,0,W,,20,16,4,W 2,30,13,1,0,31,13,0,0,
205,41,1/5/08,Home,New Jersey Devils,4,3,W,,21,16,4,W 3,25,8,0,1,45,6,1,0,
206,42,1/8/08,Home,Carolina Hurricanes,0,1,L,,21,17,4,L 1,19,7,0,0,28,11,0,0,
207,43,1/10/08,Home,Montreal Canadiens,2,5,L,,21,18,4,L 2,25,16,0,0,32,10,2,0,
208,44,1/12/08,Away,Philadelphia Flyers,4,3,W,OT,22,18,4,W 1,32,14,2,0,24,16,2,0,
209,45,1/17/08,Home,Toronto Maple Leafs,2,3,L,SO,22,18,5,L 1,31,10,0,0,33,6,0,0,
210,46,1/19/08,Home,New York Rangers,4,3,W,SO,23,18,5,W 1,39,8,2,0,28,14,1,0,
211,47,1/20/08,Away,New York Rangers,3,1,W,,24,18,5,W 2,20,8,0,1,31,6,0,0,
212,48,1/22/08,Away,Montreal Canadiens,2,8,L,,24,19,5,L 1,31,20,0,0,24,30,2,0,
213,49,1/24/08,Home,New York Islanders,4,1,W,,25,19,5,W 1,30,6,2,0,29,6,0,0,
214,50,1/29/08,Home,Nashville Predators,3,1,W,,26,19,5,W 2,28,9,1,0,38,11,0,0,
215,51,1/31/08,Away,Ottawa Senators,4,1,W,,27,19,5,W 3,22,12,0,0,31,10,1,0,
216,52,2/2/08,Home,Detroit Red Wings,1,3,L,,27,20,5,L 1,23,8,0,0,32,8,1,0,
217,53,2/5/08,Home,Buffalo Sabres,2,4,L,,27,21,5,L 2,32,15,0,0,28,9,1,0,
218,54,2/8/08,Away,Buffalo Sabres,3,2,W,SO,28,21,5,W 1,37,10,0,0,23,10,1,0,
219,55,2/9/08,Home,Florida Panthers,3,6,L,,28,22,5,L 1,41,10,1,0,27,12,2,0,
220,56,2/12/08,Home,Carolina Hurricanes,2,3,L,,28,23,5,L 2,34,8,0,0,23,6,0,0,
221,57,2/13/08,Away,Pittsburgh Penguins,2,1,W,,29,23,5,W 1,33,16,0,0,21,12,1,0,
222,58,2/16/08,Away,Toronto Maple Leafs,3,4,L,OT,29,23,6,L 1,27,12,1,0,36,6,1,0,
223,59,2/19/08,Away,Carolina Hurricanes,3,2,W,SO,30,23,6,W 1,38,31,2,0,47,27,0,0,
224,60,2/21/08,Away,Florida Panthers,5,4,W,SO,31,23,6,W 2,48,12,2,0,27,20,0,0,
225,61,2/23/08,Away,Tampa Bay Lightning,5,3,W,,32,23,6,W 3,28,14,2,1,28,12,1,1,
226,62,2/26/08,Home,Ottawa Senators,4,0,W,,33,23,6,W 4,29,10,1,1,22,12,0,0,
227,63,2/28/08,Home,Pittsburgh Penguins,5,1,W,,34,23,6,W 5,31,15,1,0,28,19,0,0,
228,64,3/1/08,Home,Atlanta Thrashers,3,2,W,SO,35,23,6,W 6,35,8,0,0,28,10,0,0,
229,65,3/3/08,Away,Washington Capitals,2,10,L,,35,24,6,L 1,27,24,1,0,34,22,4,0,
230,66,3/4/08,Home,Florida Panthers,0,1,L,OT,35,24,7,L 2,40,10,0,0,32,8,0,0,
231,67,3/6/08,Home,Toronto Maple Leafs,2,8,L,,35,25,7,L 3,29,29,0,0,40,12,4,0,
232,68,3/8/08,Home,Washington Capitals,2,1,W,,36,25,7,W 1,28,20,2,0,24,41,1,0,
233,69,3/9/08,Away,New York Rangers,0,1,L,SO,36,25,8,L 1,29,13,0,0,35,13,0,0,
234,70,3/11/08,Away,Ottawa Senators,1,4,L,,36,26,8,L 2,29,6,0,0,25,8,2,0,
235,71,3/13/08,Home,Tampa Bay Lightning,1,3,L,,36,27,8,L 3,36,2,0,0,26,6,1,0,
236,72,3/15/08,Home,Philadelphia Flyers,3,2,W,OT,37,27,8,W 1,36,19,0,0,26,17,0,0,
237,73,3/16/08,Away,Washington Capitals,1,2,L,SO,37,27,9,L 1,40,8,1,0,33,10,1,0,
238,74,3/20/08,Home,Montreal Canadiens,2,4,L,,37,28,9,L 2,36,11,0,0,30,13,0,0,
239,75,3/22/08,Away,Montreal Canadiens,2,3,L,SO,37,28,10,L 3,35,16,0,0,31,22,0,0,
240,76,3/25/08,Away,Toronto Maple Leafs,6,2,W,,38,28,10,W 1,30,4,2,0,30,10,1,0,
241,77,3/27/08,Home,Toronto Maple Leafs,4,2,W,,39,28,10,W 2,34,4,1,0,32,6,1,0,
242,78,3/29/08,Home,Ottawa Senators,4,0,W,,40,28,10,W 3,31,15,1,1,34,17,0,0,
243,79,3/30/08,Away,Buffalo Sabres,1,2,L,OT,40,28,11,L 1,18,8,0,1,30,8,1,0,
244,80,4/2/08,Away,New Jersey Devils,2,3,L,SO,40,28,12,L 2,27,4,1,0,25,8,0,0,
245,81,4/4/08,Away,Ottawa Senators,2,1,W,,41,28,12,W 1,29,6,0,0,18,6,0,0,
246,82,4/5/08,Home,Buffalo Sabres,0,3,L,,41,29,12,L 1,17,6,0,0,28,4,2,0,End of season 08'
247,1,10/9/08,Away,Colorado Avalanche,5,4,W,,1,0,0,W 1,20,10,1,0,39,4,1,0,
248,2,10/11/08,Away,Minnesota Wild,3,4,L,,1,1,0,L 1,37,10,0,0,26,12,2,0,
249,3,10/15/08,Away,Montreal Canadiens,3,4,L,SO,1,1,1,L 2,34,25,1,0,28,29,1,1,
250,4,10/18/08,Away,Ottawa Senators,4,2,W,,2,1,1,W 1,27,10,1,0,23,4,1,0,
251,5,10/20/08,Home,Pittsburgh Penguins,1,2,L,SO,2,1,2,L 1,36,13,1,0,32,17,0,0,
252,6,10/21/08,Away,Buffalo Sabres,2,3,L,SO,2,1,3,L 2,32,8,1,0,30,12,1,0,
253,7,10/23/08,Home,Toronto Maple Leafs,2,4,L,,2,2,3,L 3,28,14,0,0,37,8,2,0,
254,8,10/25/08,Home,Atlanta Thrashers,5,4,W,,3,2,3,W 1,33,10,2,0,32,12,3,0,
255,9,10/27/08,Away,Edmonton Oilers,1,0,W,OT,4,2,3,W 2,36,6,1,0,27,10,0,0,
256,10,10/28/08,Away,Vancouver Canucks,1,0,W,,5,2,3,W 3,30,6,0,0,31,4,0,0,
257,11,10/30/08,Away,Calgary Flames,2,3,L,,5,3,3,L 1,31,10,0,0,38,6,2,0,
258,12,11/1/08,Home,Dallas Stars,5,1,W,,6,3,3,W 1,25,77,1,0,35,69,0,0,
259,13,11/6/08,Home,Toronto Maple Leafs,5,2,W,,7,3,3,W 2,35,8,2,0,36,6,0,0,
260,14,11/8/08,Home,Buffalo Sabres,3,1,W,,8,3,3,W 3,40,4,0,0,33,6,0,0,
261,15,11/12/08,Away,Chicago Blackhawks,2,1,W,SO,9,3,3,W 4,39,31,1,0,32,19,1,0,
262,16,11/13/08,Home,Montreal Canadiens,6,1,W,,10,3,3,W 5,31,9,2,0,28,13,0,0,
263,17,11/15/08,Away,New York Rangers,2,3,L,SO,10,3,4,L 1,25,15,0,1,31,9,0,0,
264,18,11/17/08,Away,Toronto Maple Leafs,3,2,W,,11,3,4,W 1,22,15,0,0,30,11,0,0,
265,19,11/19/08,Home,Buffalo Sabres,7,4,W,,12,3,4,W 2,23,10,2,0,29,16,1,0,
266,20,11/21/08,Home,Florida Panthers,4,2,W,,13,3,4,W 3,39,15,1,0,32,13,0,0,
267,21,11/22/08,Away,Montreal Canadiens,3,2,W,SO,14,3,4,W 4,27,10,0,0,35,6,0,0,
268,22,11/26/08,Away,Buffalo Sabres,2,3,L,,14,4,4,L 1,29,9,0,0,23,9,0,1,
269,23,11/28/08,Home,New York Islanders,7,2,W,,15,4,4,W 1,39,18,3,0,24,20,1,0,
270,24,11/29/08,Home,Detroit Red Wings,4,1,W,,16,4,4,W 2,19,8,0,0,30,4,1,0,
271,25,12/4/08,Away,Tampa Bay Lightning,3,1,W,,17,4,4,W 3,26,6,0,1,31,2,0,0,
272,26,12/6/08,Away,Florida Panthers,4,0,W,,18,4,4,W 4,32,4,1,0,27,6,0,0,
273,27,12/8/08,Home,Tampa Bay Lightning,5,3,W,,19,4,4,W 5,24,8,2,0,29,12,0,0,
274,28,12/10/08,Away,Washington Capitals,1,3,L,,19,5,4,L 1,34,4,0,0,26,6,1,0,
275,29,12/12/08,Away,Atlanta Thrashers,7,3,W,,20,5,4,W 1,25,30,2,0,33,39,2,0,
276,30,12/13/08,Home,Atlanta Thrashers,4,2,W,,21,5,4,W 2,29,23,2,0,22,19,0,0,
277,31,12/18/08,Home,Toronto Maple Leafs,8,5,W,,22,5,4,W 3,27,22,4,0,36,24,2,0,
278,32,12/20/08,Home,Carolina Hurricanes,4,2,W,,23,5,4,W 4,36,6,0,0,34,2,1,0,
279,33,12/21/08,Away,St. Louis Blues,6,3,W,,24,5,4,W 5,28,11,2,1,32,13,1,1,
280,34,12/23/08,Away,New Jersey Devils,2,0,W,,25,5,4,W 6,24,11,0,0,25,13,0,0,
281,35,12/27/08,Away,Carolina Hurricanes,4,2,W,,26,5,4,W 7,22,8,0,0,31,6,0,0,
282,36,12/28/08,Away,Atlanta Thrashers,2,1,W,,27,5,4,W 8,28,10,0,0,33,10,0,0,
283,37,12/30/08,Away,Pittsburgh Penguins,5,2,W,,28,5,4,W 9,40,13,2,1,34,23,0,0,
284,38,1/1/09,Home,Pittsburgh Penguins,4,2,W,,29,5,4,W 10,26,10,1,0,32,12,0,0,
285,39,1/3/09,Home,Buffalo Sabres,2,4,L,,29,6,4,L 1,31,8,1,0,25,8,1,0,
286,40,1/6/09,Home,Minnesota Wild,0,1,L,,29,7,4,L 2,28,12,0,0,24,6,1,0,
287,41,1/8/09,Home,Ottawa Senators,6,4,W,,30,7,4,W 1,22,7,0,0,30,9,0,0,
288,42,1/10/09,Home,Carolina Hurricanes,5,1,W,,31,7,4,W 2,32,11,1,0,30,15,0,0,
289,43,1/13/09,Home,Montreal Canadiens,3,1,W,,32,7,4,W 3,29,15,2,0,35,18,1,0,
290,44,1/15/09,Away,New York Islanders,2,1,W,,33,7,4,W 4,27,11,0,0,41,11,0,0,
291,45,1/17/09,Away,Washington Capitals,1,2,L,,33,8,4,L 1,24,10,1,0,30,8,1,0,
292,46,1/19/09,Home,St. Louis Blues,4,5,L,SO,33,8,5,L 2,26,10,2,0,31,12,1,0,
293,47,1/21/09,Away,Toronto Maple Leafs,4,3,W,SO,34,8,5,W 1,30,8,2,0,34,8,1,0,
294,48,1/27/09,Home,Washington Capitals,3,2,W,OT,35,8,5,W 2,28,17,2,0,36,15,0,0,
295,49,1/29/09,Home,New Jersey Devils,3,4,L,OT,35,8,6,L 1,27,7,0,0,30,13,1,1,
296,50,1/31/09,Home,New York Rangers,1,0,W,,36,8,6,W 1,27,2,0,0,35,2,0,0,
297,51,2/1/09,Away,Montreal Canadiens,3,1,W,,37,8,6,W 2,23,19,0,0,28,21,1,0,
298,52,2/4/09,Away,Philadelphia Flyers,3,1,W,,38,8,6,W 3,33,4,0,0,26,10,0,0,
299,53,2/5/09,Away,Ottawa Senators,4,3,W,SO,39,8,6,W 4,30,4,2,0,22,10,1,0,
300,54,2/7/09,Home,Philadelphia Flyers,3,4,L,OT,39,8,7,L 1,37,10,0,0,30,6,2,0,
301,55,2/10/09,Home,San Jose Sharks,2,5,L,,39,9,7,L 2,30,2,0,0,31,10,1,0,
302,56,2/13/09,Away,New Jersey Devils,0,1,L,,39,10,7,L 3,31,4,0,0,18,4,0,0,
303,57,2/14/09,Away,Nashville Predators,2,3,L,SO,39,10,8,L 4,25,12,0,0,31,8,0,1,
304,58,2/17/09,Away,Carolina Hurricanes,5,1,W,,40,10,8,W 1,34,12,2,2,32,10,0,0,
305,59,2/21/09,Away,Florida Panthers,0,2,L,,40,11,8,L 1,41,6,0,0,29,12,0,1,
306,60,2/22/09,Away,Tampa Bay Lightning,3,4,L,,40,12,8,L 2,43,22,1,0,18,20,1,0,
307,61,2/24/09,Home,Florida Panthers,6,1,W,,41,12,8,W 1,39,7,1,0,25,9,0,0,
308,62,2/26/09,Home,Anaheim Ducks,6,0,W,,42,12,8,W 2,27,18,2,0,35,40,0,0,
309,63,2/28/09,Home,Washington Capitals,3,4,L,OT,42,12,9,L 1,37,10,1,0,32,8,2,0,
310,64,3/3/09,Home,Philadelphia Flyers,2,4,L,,42,13,9,L 2,24,12,2,0,26,10,1,0,
311,65,3/5/09,Home,Phoenix Coyotes,1,2,L,,42,14,9,L 3,26,4,0,0,18,6,1,0,
312,66,3/7/09,Home,Chicago Blackhawks,5,3,W,,43,14,9,W 1,39,6,0,0,35,6,2,0,
313,67,3/8/09,Away,New York Rangers,3,4,L,,43,15,9,L 1,39,17,1,0,30,17,1,0,
314,68,3/10/09,Away,Columbus Blue Jackets,0,2,L,,43,16,9,L 2,35,13,0,0,34,13,1,0,
315,69,3/12/09,Home,Ottawa Senators,5,3,W,,44,16,9,W 1,22,15,1,1,28,11,0,0,
316,70,3/14/09,Home,New York Islanders,2,1,W,,45,16,9,W 2,25,8,0,0,22,8,0,0,
317,71,3/15/09,Away,Pittsburgh Penguins,4,6,L,,45,17,9,L 1,25,16,1,1,34,10,2,0,
318,72,3/19/09,Home,Los Angeles Kings,2,3,L,OT,45,17,10,L 2,26,6,0,0,38,8,1,0,
319,73,3/22/09,Home,New Jersey Devils,4,1,W,,46,17,10,W 1,30,12,2,0,42,8,0,0,
320,74,3/28/09,Away,Toronto Maple Leafs,7,5,W,,47,17,10,W 2,31,14,2,0,38,14,1,0,
321,75,3/29/09,Away,Philadelphia Flyers,4,3,W,,48,17,10,W 3,31,16,1,0,48,16,0,0,
322,76,3/31/09,Home,Tampa Bay Lightning,3,1,W,,49,17,10,W 4,39,27,2,0,25,29,0,0,
323,77,4/2/09,Home,Ottawa Senators,2,1,W,,50,17,10,W 5,33,10,0,0,32,8,0,0,
324,78,4/4/09,Home,New York Rangers,1,0,W,,51,17,10,W 6,24,8,0,0,31,8,0,0,
325,79,4/7/09,Away,Ottawa Senators,2,3,L,,51,18,10,L 1,33,10,1,0,32,8,1,1,
326,80,4/9/09,Home,Montreal Canadiens,5,4,W,OT,52,18,10,W 1,33,41,2,0,39,35,3,0,
327,81,4/11/09,Away,Buffalo Sabres,1,6,L,,52,19,10,L 1,35,8,1,0,34,10,1,0,
328,82,4/12/09,Away,New York Islanders,6,2,W,,53,19,10,W 1,33,8,2,0,34,10,0,0,End of season 09'
329,1,10/1/09,Home,Washington Capitals,1,4,L,,0,1,0,L 1,20,11,0,0,34,15,2,0,
330,2,10/3/09,Home,Carolina Hurricanes,7,2,W,,1,1,0,W 1,42,46,4,0,27,42,1,0,
331,3,10/8/09,Home,Anaheim Ducks,1,6,L,,1,2,0,L 1,34,4,0,0,30,12,2,1,
332,4,10/10/09,Home,New York Islanders,4,3,W,SO,2,2,0,W 1,30,14,0,0,38,10,1,0,
333,5,10/12/09,Home,Colorado Avalanche,3,4,L,,2,3,0,L 1,32,10,0,0,22,12,2,1,
334,6,10/16/09,Away,Dallas Stars,3,0,W,,3,3,0,W 1,29,6,1,0,27,2,0,0,
335,7,10/17/09,Away,Phoenix Coyotes,1,4,L,,3,4,0,L 1,23,13,0,0,36,9,2,0,
336,8,10/21/09,Home,Nashville Predators,3,2,W,,4,4,0,W 1,27,4,0,0,30,4,0,0,
337,9,10/22/09,Away,Philadelphia Flyers,3,4,L,SO,4,4,1,L 1,26,9,1,0,39,9,0,0,
338,10,10/24/09,Away,Ottawa Senators,4,3,W,SO,5,4,1,W 1,28,21,0,0,30,23,0,1,
339,11,10/29/09,Home,New Jersey Devils,1,2,L,,5,5,1,L 1,32,2,0,0,31,4,0,0,
340,12,10/31/09,Home,Edmonton Oilers,2,0,W,,6,5,1,W 1,27,4,0,0,19,2,0,0,
341,13,11/1/09,Away,New York Rangers,0,1,L,,6,6,1,L 1,29,4,0,0,23,10,0,0,
342,14,11/3/09,Away,Detroit Red Wings,0,2,L,,6,7,1,L 2,29,8,0,0,26,8,1,0,
343,15,11/5/09,Home,Montreal Canadiens,1,2,L,SO,6,7,2,L 3,43,6,0,0,26,8,0,0,
344,16,11/7/09,Home,Buffalo Sabres,4,2,W,,7,7,2,W 1,37,49,2,0,30,41,0,0,
345,17,11/10/09,Home,Pittsburgh Penguins,3,0,W,,8,7,2,W 2,29,4,0,1,27,2,0,0,
346,18,11/12/09,Home,Florida Panthers,0,1,L,SO,8,7,3,L 1,40,9,0,0,23,11,0,0,
347,19,11/14/09,Away,Pittsburgh Penguins,5,6,L,OT,8,7,4,L 2,33,11,1,0,33,13,0,0,
348,20,11/16/09,Home,New York Islanders,1,4,L,,8,8,4,L 3,29,17,0,0,21,13,0,0,
349,21,11/19/09,Away,Atlanta Thrashers,4,3,W,SO,9,8,4,W 1,42,14,1,0,35,4,1,0,
350,22,11/20/09,Away,Buffalo Sabres,2,1,W,OT,10,8,4,W 2,26,4,0,0,26,8,1,0,
351,23,11/23/09,Away,St. Louis Blues,4,2,W,,11,8,4,W 3,23,11,2,1,31,11,0,0,
352,24,11/25/09,Away,Minnesota Wild,2,1,W,SO,12,8,4,W 4,16,12,0,0,29,8,1,0,
353,25,11/27/09,Home,New Jersey Devils,1,2,L,SO,12,8,5,L 1,33,11,0,0,37,11,0,0,
354,26,11/28/09,Home,Ottawa Senators,4,3,W,SO,13,8,5,W 1,33,8,3,0,22,10,1,0,
355,27,12/2/09,Home,Tampa Bay Lightning,4,1,W,,14,8,5,W 2,39,10,1,0,40,6,0,0,
356,28,12/4/09,Away,Montreal Canadiens,1,5,L,,14,9,5,L 1,38,8,0,0,28,16,0,0,
357,29,12/5/09,Home,Toronto Maple Leafs,7,2,W,,15,9,5,W 1,33,20,2,0,33,34,0,0,
358,30,12/10/09,Home,Toronto Maple Leafs,5,2,W,,16,9,5,W 2,34,11,2,0,34,15,0,0,
359,31,12/12/09,Away,New York Islanders,2,3,L,OT,16,9,6,L 1,32,2,0,0,19,6,1,0,
360,32,12/14/09,Home,Philadelphia Flyers,1,3,L,,16,10,6,L 2,27,10,0,0,38,8,0,1,
361,33,12/18/09,Away,Chicago Blackhawks,4,5,L,SO,16,10,7,L 3,29,4,0,0,44,2,0,0,
362,34,12/19/09,Away,Toronto Maple Leafs,0,2,L,,16,11,7,L 4,25,12,0,0,31,6,0,0,
363,35,12/21/09,Away,Ottawa Senators,2,0,W,,17,11,7,W 1,29,4,0,0,29,10,0,0,
364,36,12/23/09,Home,Atlanta Thrashers,6,4,W,,18,11,7,W 2,31,8,3,0,29,10,0,0,
365,37,12/27/09,Away,Florida Panthers,2,1,W,,19,11,7,W 3,28,6,0,0,26,4,0,0,
366,38,12/28/09,Away,Tampa Bay Lightning,1,2,L,,19,12,7,L 1,32,19,0,0,39,13,1,0,
367,39,12/30/09,Home,Atlanta Thrashers,4,0,W,,20,12,7,W 1,30,8,1,0,18,10,0,0,
368,40,1/1/10,Home,Philadelphia Flyers,2,1,W,OT,21,12,7,W 2,26,11,1,0,25,13,0,0,NHL Winter Classic
369,41,1/4/10,Away,New York Rangers,2,3,L,,21,13,7,L 1,28,10,0,1,35,4,1,0,
370,42,1/5/10,Away,Ottawa Senators,4,1,W,,22,13,7,W 1,35,33,2,0,28,35,1,0,
371,43,1/7/10,Home,Chicago Blackhawks,2,5,L,,22,14,7,L 1,21,11,1,0,36,15,0,0,
372,44,1/9/10,Home,New York Rangers,1,3,L,,22,15,7,L 2,30,11,0,0,34,9,0,0,
373,45,1/13/10,Away,Anaheim Ducks,3,4,L,,22,16,7,L 3,30,24,0,0,32,20,1,0,
374,46,1/14/10,Away,San Jose Sharks,2,1,W,SO,23,16,7,W 1,31,4,0,0,42,4,0,0,
375,47,1/16/10,Away,Los Angeles Kings,3,4,L,SO,23,16,8,L 1,24,20,0,0,34,12,0,0,
376,48,1/18/10,Home,Ottawa Senators,1,5,L,,23,17,8,L 2,23,12,0,0,26,4,1,0,
377,49,1/21/10,Home,Columbus Blue Jackets,2,3,L,,23,18,8,L 3,34,13,0,0,25,11,1,0,
378,50,1/23/10,Home,Ottawa Senators,1,2,L,,23,19,8,L 4,33,2,0,0,23,2,0,0,
379,51,1/24/10,Away,Carolina Hurricanes,1,5,L,,23,20,8,L 5,28,8,1,0,20,8,1,0,
380,52,1/29/10,Away,Buffalo Sabres,1,2,L,,23,21,8,L 6,31,8,0,0,23,2,1,0,
381,53,1/30/10,Home,Los Angeles Kings,2,3,L,SO,23,21,9,L 7,33,15,2,0,29,29,2,0,
382,54,2/2/10,Home,Washington Capitals,1,4,L,,23,22,9,L 8,42,8,1,0,26,12,0,0,
383,55,2/4/10,Home,Montreal Canadiens,2,3,L,SO,23,22,10,L 9,47,4,1,0,25,12,1,0,
384,56,2/6/10,Home,Vancouver Canucks,2,3,L,SO,23,22,11,L 10,43,15,2,0,31,17,0,0,
385,57,2/7/10,Away,Montreal Canadiens,3,0,W,,24,22,11,W 1,27,9,0,0,36,7,0,0,
386,58,2/9/10,Away,Buffalo Sabres,3,2,W,SO,25,22,11,W 2,34,16,0,0,45,14,1,0,
387,59,2/11/10,Away,Tampa Bay Lightning,5,4,W,,26,22,11,W 3,36,21,1,0,35,17,1,0,
388,60,2/13/10,Away,Florida Panthers,3,2,W,SO,27,22,11,W 4,39,13,0,0,28,9,1,0,
389,61,3/2/10,Home,Montreal Canadiens,1,4,L,,27,23,11,L 1,24,4,1,0,32,8,0,0,
390,62,3/4/10,Home,Toronto Maple Leafs,3,2,W,SO,28,23,11,W 1,31,20,0,0,26,18,0,0,
391,63,3/6/10,Away,New York Islanders,3,2,W,,29,23,11,W 2,34,17,1,0,39,4,1,0,
392,64,3/7/10,Away,Pittsburgh Penguins,1,2,L,,29,24,11,L 1,22,4,1,0,33,10,0,0,
393,65,3/9/10,Away,Toronto Maple Leafs,3,4,L,OT,29,24,12,L 2,29,6,1,0,30,4,0,0,
394,66,3/11/10,Away,Philadelphia Flyers,5,1,W,,30,24,12,W 1,37,14,0,0,32,24,1,0,
395,67,3/13/10,Away,Montreal Canadiens,2,3,L,,30,25,12,L 1,23,10,0,0,27,10,1,0,
396,68,3/15/10,Away,New Jersey Devils,2,3,L,,30,26,12,L 2,36,12,0,0,28,14,0,0,
397,69,3/16/10,Away,Carolina Hurricanes,5,2,W,,31,26,12,W 1,37,10,0,0,32,8,1,0,
398,70,3/18/10,Home,Pittsburgh Penguins,0,3,L,,31,27,12,L 1,17,26,0,0,31,16,0,0,
399,71,3/21/10,Home,New York Rangers,2,1,W,,32,27,12,W 1,31,23,0,0,24,17,0,0,
400,72,3/23/10,Away,Atlanta Thrashers,4,0,W,,33,27,12,W 2,33,7,0,0,27,9,0,0,
401,73,3/25/10,Home,Tampa Bay Lightning,3,5,L,,33,28,12,L 1,50,8,0,0,18,6,2,0,
402,74,3/27/10,Home,Calgary Flames,5,0,W,,34,28,12,W 1,35,26,3,0,31,15,0,0,
403,75,3/29/10,Home,Buffalo Sabres,2,3,L,,34,29,12,L 1,42,2,0,0,33,4,0,0,
404,76,3/30/10,Away,New Jersey Devils,1,0,W,OT,35,29,12,W 1,34,4,0,0,21,14,0,0,
405,77,4/1/10,Home,Florida Panthers,0,1,L,,35,30,12,L 1,36,2,0,0,20,6,0,0,
406,78,4/3/10,Away,Toronto Maple Leafs,2,1,W,OT,36,30,12,W 1,30,4,0,0,28,4,0,0,
407,79,4/5/10,Away,Washington Capitals,2,3,L,OT,36,30,13,L 1,30,4,0,0,30,6,1,0,
408,80,4/8/10,Home,Buffalo Sabres,3,1,W,,37,30,13,W 1,34,8,0,0,32,12,0,0,
409,81,4/10/10,Home,Carolina Hurricanes,4,2,W,,38,30,13,W 2,42,8,0,3,35,10,0,0,
410,82,4/11/10,Away,Washington Capitals,4,3,W,SO,39,30,13,W 3,38,8,1,0,37,18,0,0,End of season 10'